FechaDevolucion,IDTerritorio,IDProducto,CantidadDevuelta
15/1/2024,9,312,1
15/1/2024,10,310,1
18/1/2024,8,346,1
19/1/2024,4,311,1
30/1/2024,6,312,1
12/2/2024,1,312,1
16/2/2024,9,311,1
21/2/2024,8,314,1
5/3/2024,8,350,1
10/3/2024,9,350,1
11/3/2024,4,346,1
12/3/2024,9,340,1
19/3/2024,4,311,1
23/3/2024,10,312,1
25/3/2024,7,312,1
25/3/2024,9,314,1
26/3/2024,9,311,1
29/3/2024,8,311,1
4/4/2024,9,311,1
4/4/2024,9,351,1
6/4/2024,9,311,1
7/4/2024,9,326,1
12/4/2024,9,312,1
13/4/2024,9,349,1
17/4/2024,9,310,1
18/4/2024,9,312,1
22/4/2024,4,324,1
24/4/2024,1,314,1
26/4/2024,6,310,1
26/4/2024,9,348,1
27/4/2024,8,330,1
28/4/2024,4,312,1
3/5/2024,9,324,1
4/5/2024,9,351,1
10/5/2024,1,310,1
11/5/2024,7,313,1
13/5/2024,6,313,1
13/5/2024,7,313,1
19/5/2024,9,314,1
21/5/2024,8,322,1
27/5/2024,1,313,1
27/5/2024,4,314,1
2/6/2024,4,313,1
4/6/2024,4,342,1
17/6/2024,9,347,1
21/6/2024,9,320,1
30/6/2024,4,373,1
8/7/2024,8,387,1
19/7/2024,8,379,1
11/8/2024,6,377,1
12/8/2024,1,377,1
12/8/2024,8,328,1
23/8/2024,4,387,1
25/8/2024,4,370,1
28/8/2024,10,373,1
31/8/2024,9,369,1
7/9/2024,1,354,1
30/9/2024,1,352,1
4/10/2024,9,352,1
5/10/2024,10,354,1
9/10/2024,9,379,1
10/10/2024,9,352,2
20/10/2024,9,354,1
22/10/2024,8,334,1
24/10/2024,6,368,1
25/10/2024,8,373,1
27/10/2024,7,370,1
13/11/2024,8,379,1
17/11/2024,8,360,1
20/11/2024,9,326,1
21/11/2024,1,330,1
24/11/2024,10,320,1
28/11/2024,10,356,1
1/12/2024,4,324,1
2/12/2024,6,389,1
3/12/2024,10,360,1
7/12/2024,9,334,1
8/12/2024,9,375,1
9/12/2024,8,377,1
9/12/2024,9,362,1
9/12/2024,9,379,1
11/12/2024,9,377,1
13/12/2024,4,377,1
15/12/2024,4,352,1
22/12/2024,8,389,1
4/1/2025,9,362,1
6/1/2025,8,373,1
7/1/2025,9,381,1
13/1/2025,7,371,1
20/1/2025,4,332,1
20/1/2025,9,354,1
23/1/2025,9,330,1
28/1/2025,4,360,1
29/1/2025,1,354,1
9/2/2025,9,330,1
11/2/2025,4,381,1
17/2/2025,9,328,1
17/2/2025,9,377,1
19/2/2025,8,369,1
19/2/2025,9,362,1
22/2/2025,9,370,1
5/3/2025,9,352,1
9/3/2025,1,336,1
15/3/2025,7,370,1
17/3/2025,9,360,1
18/3/2025,6,330,1
21/3/2025,7,330,1
26/3/2025,9,375,1
28/3/2025,7,368,1
29/3/2025,8,373,1
1/4/2025,7,387,1
10/4/2025,8,362,1
22/4/2025,1,320,1
24/4/2025,4,373,1
28/4/2025,1,322,1
28/4/2025,9,352,1
30/4/2025,9,370,1
8/5/2025,7,352,1
13/5/2025,9,354,1
18/5/2025,4,371,1
20/5/2025,8,328,1
23/5/2025,7,360,1
24/5/2025,7,326,1
28/5/2025,4,369,1
7/6/2025,4,356,1
9/6/2025,10,381,1
10/6/2025,4,371,1
12/6/2025,4,332,1
16/6/2025,1,328,1
18/6/2025,10,368,1
22/6/2025,7,369,1
24/6/2025,9,362,1
29/6/2025,9,375,1
30/6/2025,9,354,1
30/6/2025,9,477,1
30/6/2025,9,479,1
1/7/2025,9,356,1
3/7/2025,10,528,1
4/7/2025,10,358,1
5/7/2025,8,381,1
5/7/2025,9,478,1
5/7/2025,9,480,1
5/7/2025,9,487,1
5/7/2025,10,480,1
6/7/2025,7,215,1
8/7/2025,4,477,1
8/7/2025,8,232,1
9/7/2025,4,478,1
9/7/2025,7,389,1
10/7/2025,4,352,1
10/7/2025,9,371,1
10/7/2025,9,485,1
11/7/2025,4,605,1
12/7/2025,1,540,1
12/7/2025,4,478,1
12/7/2025,7,483,1
12/7/2025,7,540,1
12/7/2025,10,484,1
13/7/2025,1,223,1
16/7/2025,4,537,1
19/7/2025,1,477,1
20/7/2025,9,377,1
20/7/2025,10,220,1
21/7/2025,10,477,1
22/7/2025,9,537,1
23/7/2025,9,487,1
23/7/2025,9,528,1
25/7/2025,7,377,1
25/7/2025,8,485,1
26/7/2025,8,462,1
26/7/2025,9,480,1
26/7/2025,9,487,1
26/7/2025,10,480,1
27/7/2025,8,604,1
28/7/2025,4,540,1
28/7/2025,7,220,1
28/7/2025,9,489,1
29/7/2025,4,487,1
29/7/2025,9,486,1
30/7/2025,4,477,1
30/7/2025,6,477,1
30/7/2025,9,539,1
31/7/2025,6,229,1
31/7/2025,6,537,1
31/7/2025,6,540,1
1/8/2025,1,478,1
2/8/2025,4,484,1
2/8/2025,4,528,1
2/8/2025,6,220,1
3/8/2025,8,529,1
4/8/2025,6,480,1
4/8/2025,9,375,1
4/8/2025,9,480,1
4/8/2025,10,479,1
4/8/2025,10,537,1
5/8/2025,1,536,1
5/8/2025,10,371,1
6/8/2025,9,373,1
6/8/2025,9,535,1
6/8/2025,9,540,1
7/8/2025,7,477,1
7/8/2025,9,220,1
8/8/2025,4,385,1
8/8/2025,6,477,1
8/8/2025,9,528,1
9/8/2025,1,528,1
9/8/2025,4,529,1
9/8/2025,4,535,1
9/8/2025,6,480,1
9/8/2025,8,477,1
9/8/2025,10,464,1
9/8/2025,10,565,1
10/8/2025,1,387,1
10/8/2025,4,478,1
10/8/2025,4,487,1
10/8/2025,6,529,1
10/8/2025,10,590,1
11/8/2025,6,235,1
11/8/2025,7,538,1
11/8/2025,8,214,1
11/8/2025,8,226,1
11/8/2025,8,530,1
11/8/2025,10,215,1
12/8/2025,1,528,1
12/8/2025,1,529,1
12/8/2025,1,536,1
12/8/2025,6,229,1
12/8/2025,6,478,1
12/8/2025,8,538,1
12/8/2025,10,226,1
13/8/2025,4,356,1
13/8/2025,4,485,1
13/8/2025,6,478,1
14/8/2025,4,220,1
14/8/2025,7,539,1
14/8/2025,9,529,1
15/8/2025,1,360,1
15/8/2025,7,477,1
15/8/2025,7,478,1
16/8/2025,4,477,2
16/8/2025,7,540,1
16/8/2025,8,223,1
17/8/2025,4,529,1
17/8/2025,8,220,1
17/8/2025,9,229,1
17/8/2025,9,529,1
17/8/2025,9,530,1
18/8/2025,1,214,1
18/8/2025,8,214,1
19/8/2025,4,220,1
20/8/2025,4,477,1
20/8/2025,10,362,1
21/8/2025,1,486,1
21/8/2025,1,535,1
21/8/2025,4,478,1
21/8/2025,4,480,1
21/8/2025,4,486,1
21/8/2025,4,528,1
21/8/2025,6,478,1
21/8/2025,9,214,1
21/8/2025,9,480,1
21/8/2025,10,480,1
22/8/2025,4,215,1
22/8/2025,4,232,1
22/8/2025,4,565,1
22/8/2025,7,487,1
22/8/2025,7,529,1
22/8/2025,9,540,1
23/8/2025,1,476,1
23/8/2025,7,362,1
23/8/2025,9,226,1
23/8/2025,9,466,1
24/8/2025,6,477,1
24/8/2025,8,477,1
25/8/2025,1,540,1
25/8/2025,4,575,1
25/8/2025,6,223,1
25/8/2025,6,477,1
26/8/2025,4,477,1
26/8/2025,4,489,1
26/8/2025,7,477,1
26/8/2025,7,529,1
27/8/2025,1,477,1
27/8/2025,1,480,2
27/8/2025,4,464,1
27/8/2025,6,482,1
27/8/2025,6,528,1
27/8/2025,7,539,1
27/8/2025,9,479,1
27/8/2025,9,529,1
27/8/2025,10,530,1
28/8/2025,1,480,1
28/8/2025,1,568,1
28/8/2025,7,530,1
28/8/2025,9,480,1
29/8/2025,1,220,1
29/8/2025,6,535,1
30/8/2025,7,478,1
30/8/2025,9,385,1
31/8/2025,1,477,1
31/8/2025,1,538,1
31/8/2025,4,466,1
31/8/2025,6,574,1
31/8/2025,9,362,1
31/8/2025,9,480,1
31/8/2025,9,528,1
31/8/2025,9,561,1
1/9/2025,6,477,1
1/9/2025,6,541,1
1/9/2025,7,528,1
1/9/2025,10,484,1
2/9/2025,1,477,1
2/9/2025,4,362,1
2/9/2025,4,537,1
2/9/2025,6,220,1
2/9/2025,9,477,1
2/9/2025,9,485,1
3/9/2025,1,214,1
3/9/2025,4,477,1
3/9/2025,4,478,1
3/9/2025,8,562,1
3/9/2025,9,480,1
3/9/2025,10,223,1
4/9/2025,4,220,1
4/9/2025,9,358,1
5/9/2025,6,475,1
5/9/2025,9,360,1
5/9/2025,9,538,1
6/9/2025,4,477,1
6/9/2025,7,477,1
6/9/2025,7,478,1
6/9/2025,8,480,1
7/9/2025,9,385,1
7/9/2025,9,528,1
7/9/2025,10,489,1
7/9/2025,10,529,1
8/9/2025,8,538,1
8/9/2025,9,480,1
8/9/2025,10,389,1
9/9/2025,4,214,1
9/9/2025,6,536,1
10/9/2025,4,358,1
10/9/2025,4,474,1
10/9/2025,6,477,1
10/9/2025,7,477,1
10/9/2025,9,478,1
10/9/2025,10,223,1
11/9/2025,10,537,1
11/9/2025,10,576,1
12/9/2025,1,387,1
12/9/2025,6,215,1
12/9/2025,6,479,1
12/9/2025,6,529,1
12/9/2025,10,529,1
12/9/2025,10,530,1
13/9/2025,1,478,1
13/9/2025,1,537,1
13/9/2025,4,477,1
13/9/2025,6,478,2
13/9/2025,6,529,1
14/9/2025,4,464,1
14/9/2025,6,464,1
14/9/2025,8,214,1
15/9/2025,1,540,1
15/9/2025,8,373,1
15/9/2025,9,529,1
16/9/2025,1,220,1
16/9/2025,1,389,1
16/9/2025,1,528,1
16/9/2025,6,538,1
16/9/2025,10,581,1
17/9/2025,6,387,1
17/9/2025,6,479,1
17/9/2025,10,477,1
17/9/2025,10,538,1
18/9/2025,1,538,1
18/9/2025,4,477,1
18/9/2025,7,480,1
18/9/2025,7,529,1
19/9/2025,4,535,1
20/9/2025,4,477,1
20/9/2025,6,464,1
20/9/2025,8,491,1
20/9/2025,10,541,1
20/9/2025,10,561,1
21/9/2025,1,232,1
21/9/2025,1,535,1
21/9/2025,6,474,1
21/9/2025,10,215,1
22/9/2025,1,539,1
22/9/2025,7,528,1
23/9/2025,1,483,1
23/9/2025,1,538,1
23/9/2025,1,593,1
23/9/2025,4,477,1
23/9/2025,4,485,1
23/9/2025,6,215,1
23/9/2025,8,529,1
23/9/2025,8,536,1
23/9/2025,8,582,1
23/9/2025,9,488,1
24/9/2025,8,528,1
24/9/2025,10,232,1
25/9/2025,1,477,1
25/9/2025,6,528,1
25/9/2025,8,229,1
25/9/2025,9,223,1
26/9/2025,6,528,1
26/9/2025,10,540,1
27/9/2025,1,471,1
27/9/2025,4,605,1
27/9/2025,6,528,2
27/9/2025,8,538,1
27/9/2025,9,605,1
27/9/2025,10,528,1
28/9/2025,4,478,1
28/9/2025,6,232,1
28/9/2025,10,358,1
28/9/2025,10,477,1
28/9/2025,10,528,1
29/9/2025,1,480,1
29/9/2025,1,535,1
29/9/2025,4,214,1
29/9/2025,4,529,1
29/9/2025,9,215,1
29/9/2025,10,529,1
30/9/2025,8,352,1
1/10/2025,4,479,1
1/10/2025,4,487,1
1/10/2025,6,480,1
1/10/2025,9,214,1
2/10/2025,1,485,1
2/10/2025,6,480,1
2/10/2025,10,466,1
3/10/2025,4,485,1
3/10/2025,9,223,1
3/10/2025,9,360,1
3/10/2025,9,477,1
3/10/2025,9,478,1
3/10/2025,9,488,1
4/10/2025,6,538,1
4/10/2025,10,235,1
5/10/2025,1,536,1
5/10/2025,4,477,1
5/10/2025,9,480,1
5/10/2025,9,540,1
6/10/2025,1,223,1
6/10/2025,1,478,1
6/10/2025,4,223,1
6/10/2025,7,229,1
6/10/2025,7,530,1
6/10/2025,8,235,1
6/10/2025,9,477,1
6/10/2025,10,464,1
6/10/2025,10,480,1
6/10/2025,10,529,1
7/10/2025,4,232,1
7/10/2025,4,464,1
7/10/2025,4,537,1
7/10/2025,9,478,1
7/10/2025,9,529,1
7/10/2025,9,535,1
7/10/2025,10,479,1
7/10/2025,10,535,1
8/10/2025,1,580,1
8/10/2025,4,528,1
8/10/2025,6,600,1
8/10/2025,9,530,1
9/10/2025,6,476,1
9/10/2025,6,537,1
9/10/2025,6,539,1
9/10/2025,9,360,1
9/10/2025,10,214,1
9/10/2025,10,215,1
10/10/2025,9,223,1
10/10/2025,9,383,1
10/10/2025,10,540,1
11/10/2025,1,581,1
11/10/2025,4,215,1
11/10/2025,9,477,1
12/10/2025,1,604,1
12/10/2025,10,352,1
13/10/2025,4,479,1
13/10/2025,4,485,1
13/10/2025,9,489,1
13/10/2025,10,381,1
14/10/2025,6,480,1
14/10/2025,8,530,1
14/10/2025,9,485,1
14/10/2025,9,538,1
15/10/2025,7,482,1
16/10/2025,4,589,1
16/10/2025,9,220,1
16/10/2025,9,354,1
17/10/2025,1,466,1
17/10/2025,1,480,1
17/10/2025,1,535,1
17/10/2025,9,464,1
17/10/2025,10,478,1
18/10/2025,1,223,1
18/10/2025,4,482,1
18/10/2025,6,215,1
18/10/2025,9,537,1
18/10/2025,9,539,1
19/10/2025,1,605,1
19/10/2025,6,530,1
19/10/2025,7,605,1
19/10/2025,9,479,1
19/10/2025,9,537,1
20/10/2025,1,223,1
20/10/2025,4,360,1
20/10/2025,4,485,1
21/10/2025,4,214,1
21/10/2025,7,466,1
21/10/2025,8,541,1
22/10/2025,4,540,1
22/10/2025,4,606,1
22/10/2025,9,477,1
22/10/2025,9,481,1
22/10/2025,10,485,1
23/10/2025,1,389,1
23/10/2025,1,528,1
23/10/2025,1,529,1
23/10/2025,1,530,1
23/10/2025,4,488,1
23/10/2025,8,478,1
23/10/2025,9,541,1
24/10/2025,6,220,1
24/10/2025,9,489,1
25/10/2025,4,223,1
25/10/2025,7,480,1
25/10/2025,7,484,1
25/10/2025,7,577,1
25/10/2025,9,220,1
25/10/2025,9,477,1
25/10/2025,10,471,1
26/10/2025,4,581,1
26/10/2025,6,541,1
26/10/2025,8,235,1
26/10/2025,9,538,1
26/10/2025,10,477,1
27/10/2025,4,537,1
27/10/2025,6,475,1
27/10/2025,9,358,1
27/10/2025,10,371,1
28/10/2025,1,596,1
28/10/2025,4,215,1
28/10/2025,7,530,1
28/10/2025,8,358,1
28/10/2025,8,528,1
28/10/2025,8,584,1
28/10/2025,9,604,1
29/10/2025,6,477,1
29/10/2025,6,478,1
29/10/2025,6,528,1
29/10/2025,6,529,1
30/10/2025,4,215,1
30/10/2025,6,360,1
30/10/2025,7,477,1
30/10/2025,9,214,1
30/10/2025,10,385,1
31/10/2025,4,474,1
31/10/2025,4,541,1
31/10/2025,8,375,1
31/10/2025,9,489,1
1/11/2025,4,466,1
1/11/2025,10,528,1
2/11/2025,1,478,1
2/11/2025,9,480,1
2/11/2025,10,529,1
3/11/2025,1,485,1
3/11/2025,4,477,2
4/11/2025,1,354,1
4/11/2025,4,477,2
4/11/2025,6,478,1
4/11/2025,6,540,1
4/11/2025,8,477,1
4/11/2025,9,477,1
4/11/2025,9,535,1
4/11/2025,9,537,1
4/11/2025,9,604,1
5/11/2025,1,478,1
5/11/2025,4,472,1
5/11/2025,10,536,1
6/11/2025,1,478,1
6/11/2025,7,220,1
6/11/2025,9,477,1
6/11/2025,10,477,1
7/11/2025,1,362,1
7/11/2025,4,530,1
7/11/2025,6,528,1
7/11/2025,7,479,1
7/11/2025,10,485,1
8/11/2025,1,220,1
9/11/2025,4,480,1
9/11/2025,6,606,1
9/11/2025,8,477,1
9/11/2025,9,535,1
9/11/2025,10,541,1
10/11/2025,1,479,1
10/11/2025,1,562,1
10/11/2025,9,375,1
11/11/2025,1,466,1
11/11/2025,1,589,1
11/11/2025,4,478,1
11/11/2025,7,215,1
11/11/2025,7,538,1
11/11/2025,9,537,1
11/11/2025,9,592,1
11/11/2025,10,215,1
11/11/2025,10,477,1
12/11/2025,1,480,1
12/11/2025,4,478,1
12/11/2025,4,560,1
13/11/2025,1,528,1
13/11/2025,4,538,1
14/11/2025,1,480,1
14/11/2025,6,605,1
14/11/2025,8,584,1
14/11/2025,9,487,1
14/11/2025,10,385,1
15/11/2025,1,479,1
15/11/2025,6,480,1
15/11/2025,7,220,1
15/11/2025,7,487,1
15/11/2025,8,541,1
15/11/2025,9,220,1
15/11/2025,10,529,1
15/11/2025,10,583,1
15/11/2025,10,584,1
16/11/2025,4,220,1
16/11/2025,4,377,1
16/11/2025,4,486,1
16/11/2025,4,541,1
16/11/2025,6,584,1
16/11/2025,8,214,1
16/11/2025,9,214,1
16/11/2025,9,582,1
17/11/2025,4,481,1
17/11/2025,6,462,1
17/11/2025,6,538,1
17/11/2025,8,529,1
17/11/2025,9,487,1
18/11/2025,1,220,1
18/11/2025,1,226,1
18/11/2025,4,362,1
18/11/2025,4,464,1
19/11/2025,4,356,1
19/11/2025,4,485,1
19/11/2025,6,220,1
19/11/2025,9,489,1
19/11/2025,10,214,1
20/11/2025,1,478,1
20/11/2025,1,479,1
20/11/2025,4,215,1
20/11/2025,4,476,1
20/11/2025,9,214,1
21/11/2025,1,220,1
21/11/2025,1,528,1
21/11/2025,9,536,1
21/11/2025,10,358,1
21/11/2025,10,478,1
22/11/2025,4,485,1
22/11/2025,6,484,1
22/11/2025,6,528,1
23/11/2025,4,529,1
23/11/2025,7,479,1
23/11/2025,8,484,1
24/11/2025,6,528,1
24/11/2025,9,462,1
25/11/2025,1,480,1
25/11/2025,1,483,1
25/11/2025,1,530,1
25/11/2025,4,477,1
25/11/2025,9,215,1
25/11/2025,9,589,1
25/11/2025,10,477,1
25/11/2025,10,478,1
26/11/2025,1,535,1
26/11/2025,10,477,1
26/11/2025,10,479,1
27/11/2025,1,476,1
27/11/2025,4,214,1
27/11/2025,4,535,1
27/11/2025,7,476,1
27/11/2025,9,606,1
28/11/2025,1,215,1
28/11/2025,6,535,1
28/11/2025,7,220,1
28/11/2025,7,586,1
28/11/2025,8,223,1
28/11/2025,8,477,1
28/11/2025,9,214,1
28/11/2025,9,540,1
29/11/2025,6,474,1
30/11/2025,1,528,1
30/11/2025,1,535,1
30/11/2025,6,464,1
30/11/2025,6,528,1
30/11/2025,9,488,1
30/11/2025,10,220,1
1/12/2025,1,478,1
1/12/2025,1,539,1
1/12/2025,8,477,1
1/12/2025,9,529,1
2/12/2025,4,214,1
2/12/2025,4,528,1
2/12/2025,6,478,1
2/12/2025,8,385,1
2/12/2025,9,477,1
2/12/2025,10,214,1
2/12/2025,10,215,1
3/12/2025,1,528,1
3/12/2025,4,215,1
3/12/2025,6,485,1
3/12/2025,8,563,1
4/12/2025,4,466,1
4/12/2025,4,528,1
4/12/2025,4,540,1
4/12/2025,6,474,1
4/12/2025,7,220,1
4/12/2025,7,595,1
4/12/2025,9,564,1
4/12/2025,10,598,1
5/12/2025,4,214,1
5/12/2025,9,490,1
5/12/2025,9,577,1
5/12/2025,10,462,1
6/12/2025,4,223,1
6/12/2025,4,480,1
6/12/2025,4,530,1
6/12/2025,4,537,1
6/12/2025,6,471,1
6/12/2025,6,475,1
6/12/2025,8,479,1
6/12/2025,9,479,1
6/12/2025,9,530,1
7/12/2025,7,537,1
7/12/2025,9,478,1
8/12/2025,1,371,1
8/12/2025,9,476,1
8/12/2025,9,477,1
9/12/2025,4,220,1
9/12/2025,6,214,1
9/12/2025,7,214,1
9/12/2025,7,530,1
9/12/2025,7,536,1
9/12/2025,8,478,1
9/12/2025,10,485,1
10/12/2025,1,480,1
10/12/2025,1,485,1
10/12/2025,4,535,1
10/12/2025,6,529,1
10/12/2025,8,223,1
10/12/2025,9,486,1
10/12/2025,9,530,1
11/12/2025,1,540,1
11/12/2025,4,479,1
11/12/2025,6,220,1
12/12/2025,1,362,1
12/12/2025,1,478,1
12/12/2025,6,577,1
12/12/2025,7,489,1
12/12/2025,8,528,1
12/12/2025,8,538,1
12/12/2025,9,535,1
12/12/2025,9,572,1
12/12/2025,10,480,1
13/12/2025,1,480,1
13/12/2025,6,530,1
13/12/2025,9,385,1
13/12/2025,10,484,1
14/12/2025,1,474,1
14/12/2025,1,539,1
14/12/2025,4,220,1
14/12/2025,4,583,1
14/12/2025,6,528,1
14/12/2025,6,537,1
14/12/2025,10,477,1
15/12/2025,1,358,1
15/12/2025,6,477,1
16/12/2025,8,220,1
16/12/2025,9,576,1
16/12/2025,10,356,1
17/12/2025,1,529,1
17/12/2025,6,478,1
17/12/2025,8,223,1
17/12/2025,9,535,1
17/12/2025,10,575,1
18/12/2025,1,477,1
18/12/2025,6,360,1
18/12/2025,7,477,1
18/12/2025,10,480,1
19/12/2025,1,385,1
20/12/2025,4,215,1
20/12/2025,4,477,1
20/12/2025,4,488,1
20/12/2025,7,215,1
20/12/2025,9,484,1
21/12/2025,1,480,1
21/12/2025,1,537,1
21/12/2025,1,539,1
21/12/2025,4,481,1
21/12/2025,6,462,1
21/12/2025,6,477,1
21/12/2025,9,529,1
21/12/2025,9,530,1
22/12/2025,1,214,1
22/12/2025,1,220,1
22/12/2025,4,476,1
22/12/2025,4,588,1
22/12/2025,7,215,1
22/12/2025,8,223,1
22/12/2025,9,229,1
22/12/2025,9,530,1
22/12/2025,10,232,1
23/12/2025,1,232,1
23/12/2025,1,479,1
23/12/2025,4,214,1
23/12/2025,6,528,1
23/12/2025,8,479,1
23/12/2025,9,387,1
23/12/2025,10,528,1
24/12/2025,6,528,1
24/12/2025,9,479,1
24/12/2025,9,480,1
25/12/2025,1,584,1
25/12/2025,4,214,1
25/12/2025,4,538,1
25/12/2025,6,537,1
25/12/2025,7,477,1
25/12/2025,8,214,1
25/12/2025,9,562,1
25/12/2025,9,605,1
26/12/2025,1,484,1
26/12/2025,1,528,1
27/12/2025,1,215,1
27/12/2025,1,535,1
27/12/2025,1,540,1
27/12/2025,4,381,1
27/12/2025,4,484,1
27/12/2025,6,482,1
27/12/2025,7,229,1
28/12/2025,4,223,1
28/12/2025,4,537,1
28/12/2025,6,539,1
28/12/2025,7,477,1
28/12/2025,8,580,1
28/12/2025,10,479,1
29/12/2025,6,528,1
29/12/2025,9,477,1
29/12/2025,9,479,2
29/12/2025,9,528,1
29/12/2025,10,485,1
30/12/2025,1,537,1
30/12/2025,4,215,1
30/12/2025,4,479,1
30/12/2025,8,214,1
30/12/2025,8,528,1
30/12/2025,9,214,1
30/12/2025,9,561,1
31/12/2025,1,487,1
31/12/2025,4,485,1
31/12/2025,6,477,1
31/12/2025,7,540,1
31/12/2025,8,480,1
31/12/2025,9,477,1
1/1/2026,4,536,1
1/1/2026,9,484,1
2/1/2026,1,479,1
2/1/2026,6,536,1
2/1/2026,7,214,1
2/1/2026,10,480,1
3/1/2026,7,479,1
3/1/2026,7,486,1
3/1/2026,9,223,1
3/1/2026,9,385,1
4/1/2026,1,220,1
4/1/2026,1,490,1
4/1/2026,7,373,1
5/1/2026,1,480,1
5/1/2026,1,489,1
5/1/2026,8,485,1
5/1/2026,10,535,1
6/1/2026,4,478,1
6/1/2026,4,479,1
6/1/2026,6,474,1
6/1/2026,9,214,1
7/1/2026,1,220,1
7/1/2026,4,577,1
7/1/2026,6,462,1
7/1/2026,6,536,1
7/1/2026,6,538,1
7/1/2026,8,215,1
7/1/2026,10,535,1
8/1/2026,1,484,1
8/1/2026,1,588,1
8/1/2026,4,529,1
8/1/2026,4,537,1
8/1/2026,7,220,1
8/1/2026,7,478,1
8/1/2026,9,215,1
8/1/2026,9,477,1
8/1/2026,9,484,1
8/1/2026,9,576,1
8/1/2026,10,464,1
9/1/2026,4,484,1
9/1/2026,6,537,1
9/1/2026,9,473,1
9/1/2026,9,479,1
10/1/2026,4,529,1
10/1/2026,9,473,1
11/1/2026,1,358,1
11/1/2026,6,485,1
11/1/2026,9,371,1
11/1/2026,10,229,1
11/1/2026,10,529,1
12/1/2026,1,232,1
12/1/2026,1,541,1
12/1/2026,6,477,1
12/1/2026,7,538,1
12/1/2026,8,530,1
12/1/2026,9,360,1
12/1/2026,9,488,1
12/1/2026,9,529,1
12/1/2026,10,478,1
13/1/2026,9,540,1
13/1/2026,10,588,1
14/1/2026,4,214,1
14/1/2026,4,220,1
14/1/2026,4,528,1
14/1/2026,6,477,1
14/1/2026,6,529,1
14/1/2026,8,484,1
14/1/2026,9,477,1
14/1/2026,9,485,1
15/1/2026,1,528,1
15/1/2026,4,487,1
15/1/2026,4,528,1
15/1/2026,6,481,2
15/1/2026,8,220,1
15/1/2026,9,471,1
15/1/2026,9,474,1
15/1/2026,9,477,1
15/1/2026,10,529,1
16/1/2026,1,478,1
16/1/2026,9,214,1
16/1/2026,9,541,1
16/1/2026,10,475,1
16/1/2026,10,539,1
17/1/2026,7,229,1
17/1/2026,8,484,1
17/1/2026,8,538,1
17/1/2026,9,485,1
17/1/2026,10,215,1
17/1/2026,10,573,1
18/1/2026,4,477,1
18/1/2026,7,214,1
18/1/2026,8,529,1
18/1/2026,9,489,1
18/1/2026,10,479,1
19/1/2026,4,529,1
19/1/2026,6,535,1
19/1/2026,6,540,1
19/1/2026,8,529,1
19/1/2026,9,215,1
19/1/2026,9,477,1
19/1/2026,10,215,1
20/1/2026,6,223,1
20/1/2026,7,530,1
21/1/2026,6,214,1
21/1/2026,9,477,2
22/1/2026,1,529,1
22/1/2026,6,479,1
23/1/2026,4,480,1
23/1/2026,4,530,1
23/1/2026,6,226,1
23/1/2026,6,477,1
23/1/2026,6,537,1
23/1/2026,7,537,1
24/1/2026,1,472,1
24/1/2026,1,528,1
24/1/2026,6,485,1
25/1/2026,1,537,1
25/1/2026,4,485,1
25/1/2026,6,536,1
25/1/2026,8,477,1
25/1/2026,9,358,1
25/1/2026,9,371,1
25/1/2026,9,487,1
25/1/2026,10,481,1
25/1/2026,10,530,1
26/1/2026,4,606,1
26/1/2026,6,528,1
26/1/2026,6,537,1
26/1/2026,7,536,1
26/1/2026,9,466,1
26/1/2026,10,530,1
27/1/2026,4,528,1
27/1/2026,9,462,1
28/1/2026,4,477,1
28/1/2026,6,537,1
28/1/2026,8,479,1
28/1/2026,8,535,1
29/1/2026,1,477,1
29/1/2026,1,480,1
29/1/2026,1,600,1
29/1/2026,4,477,1
29/1/2026,4,485,1
29/1/2026,7,223,1
29/1/2026,9,528,1
30/1/2026,7,477,1
30/1/2026,8,232,1
30/1/2026,10,529,1
30/1/2026,10,538,1
31/1/2026,10,480,1
1/2/2026,4,529,1
1/2/2026,8,480,2
1/2/2026,9,560,1
2/2/2026,4,477,1
2/2/2026,4,541,1
2/2/2026,6,214,1
2/2/2026,6,478,1
2/2/2026,6,481,1
2/2/2026,6,535,1
2/2/2026,9,478,1
2/2/2026,9,604,1
3/2/2026,1,223,1
3/2/2026,1,485,1
3/2/2026,4,479,1
3/2/2026,4,528,1
3/2/2026,4,530,1
3/2/2026,4,539,1
3/2/2026,8,535,1
3/2/2026,10,487,1
3/2/2026,10,600,1
4/2/2026,1,582,1
4/2/2026,4,476,1
4/2/2026,4,487,1
4/2/2026,8,539,1
4/2/2026,8,562,1
4/2/2026,9,472,1
4/2/2026,9,528,1
4/2/2026,10,478,1
4/2/2026,10,539,1
5/2/2026,4,215,1
5/2/2026,4,478,1
5/2/2026,6,478,1
5/2/2026,7,215,1
5/2/2026,9,477,1
6/2/2026,7,377,1
6/2/2026,7,477,1
6/2/2026,8,226,1
7/2/2026,1,223,1
7/2/2026,7,481,1
8/2/2026,1,476,1
8/2/2026,6,477,1
8/2/2026,6,478,2
8/2/2026,6,529,1
8/2/2026,7,356,1
8/2/2026,10,539,1
9/2/2026,1,477,1
9/2/2026,4,477,1
9/2/2026,4,480,1
9/2/2026,6,485,1
9/2/2026,7,529,1
9/2/2026,9,480,1
9/2/2026,9,485,1
9/2/2026,10,479,1
10/2/2026,7,529,1
10/2/2026,9,214,1
10/2/2026,9,528,1
11/2/2026,1,229,1
11/2/2026,4,530,1
11/2/2026,6,535,1
11/2/2026,7,362,1
11/2/2026,9,477,1
11/2/2026,10,480,1
12/2/2026,4,223,1
12/2/2026,4,536,1
12/2/2026,4,541,1
12/2/2026,6,477,1
12/2/2026,9,606,1
13/2/2026,8,538,1
14/2/2026,1,214,1
14/2/2026,1,530,1
14/2/2026,1,536,1
14/2/2026,4,214,1
14/2/2026,4,605,2
14/2/2026,6,485,1
14/2/2026,6,490,1
14/2/2026,9,385,1
14/2/2026,9,477,1
15/2/2026,4,220,1
15/2/2026,6,530,1
16/2/2026,4,528,1
16/2/2026,4,529,1
16/2/2026,4,537,1
16/2/2026,7,354,1
16/2/2026,9,583,1
17/2/2026,1,214,1
17/2/2026,1,371,1
17/2/2026,4,573,1
17/2/2026,7,528,1
17/2/2026,8,229,1
17/2/2026,9,477,1
17/2/2026,9,530,1
17/2/2026,10,485,1
18/2/2026,6,477,1
18/2/2026,9,477,1
18/2/2026,9,580,1
19/2/2026,4,223,1
19/2/2026,4,232,1
19/2/2026,8,485,1
19/2/2026,9,479,1
19/2/2026,9,484,1
20/2/2026,4,226,1
20/2/2026,4,462,1
20/2/2026,4,475,1
20/2/2026,9,539,1
20/2/2026,10,475,1
20/2/2026,10,477,1
21/2/2026,1,530,1
21/2/2026,4,220,1
21/2/2026,6,475,1
21/2/2026,7,540,1
21/2/2026,8,478,1
21/2/2026,8,484,1
21/2/2026,8,588,1
21/2/2026,8,599,1
21/2/2026,9,477,2
21/2/2026,9,562,1
22/2/2026,1,466,1
22/2/2026,1,477,1
22/2/2026,1,480,1
23/2/2026,1,537,1
23/2/2026,5,540,1
23/2/2026,6,477,1
23/2/2026,7,480,1
24/2/2026,1,235,1
24/2/2026,1,528,1
24/2/2026,1,538,1
24/2/2026,4,529,1
24/2/2026,6,477,1
24/2/2026,6,528,1
24/2/2026,6,583,1
24/2/2026,9,226,1
24/2/2026,9,478,1
25/2/2026,4,478,1
25/2/2026,6,478,1
25/2/2026,7,536,1
25/2/2026,9,479,1
25/2/2026,9,482,1
25/2/2026,9,539,1
26/2/2026,4,477,2
26/2/2026,4,535,1
26/2/2026,4,595,1
26/2/2026,8,215,1
26/2/2026,8,529,1
26/2/2026,9,220,1
26/2/2026,1,480,1
26/2/2026,6,530,1
26/2/2026,8,582,1
26/2/2026,10,485,1
27/2/2026,1,485,1
27/2/2026,4,528,1
27/2/2026,6,530,1
27/2/2026,9,474,1
28/2/2026,1,215,1
28/2/2026,1,540,1
28/2/2026,4,528,1
28/2/2026,6,462,1
28/2/2026,7,375,1
28/2/2026,10,223,1
1/3/2026,4,479,1
1/3/2026,6,232,1
1/3/2026,6,528,1
1/3/2026,9,528,1
1/3/2026,10,487,1
2/3/2026,4,354,1
2/3/2026,4,477,1
2/3/2026,6,580,1
2/3/2026,9,223,1
3/3/2026,6,220,1
3/3/2026,7,536,1
4/3/2026,1,223,1
4/3/2026,4,491,1
4/3/2026,4,535,1
4/3/2026,4,575,1
4/3/2026,6,476,1
4/3/2026,9,214,1
5/3/2026,1,490,1
5/3/2026,4,538,1
5/3/2026,8,215,1
5/3/2026,9,354,1
5/3/2026,9,605,1
5/3/2026,10,606,1
6/3/2026,1,352,1
6/3/2026,6,472,1
6/3/2026,7,214,1
6/3/2026,7,528,1
6/3/2026,7,537,1
6/3/2026,9,536,1
7/3/2026,6,478,1
7/3/2026,10,528,1
8/3/2026,4,478,1
8/3/2026,4,485,1
8/3/2026,6,214,1
8/3/2026,7,541,1
9/3/2026,1,477,1
9/3/2026,4,232,1
9/3/2026,4,577,1
9/3/2026,8,479,1
9/3/2026,10,360,1
10/3/2026,4,482,1
10/3/2026,7,541,1
10/3/2026,8,480,2
10/3/2026,9,352,1
10/3/2026,9,358,1
11/3/2026,4,232,1
11/3/2026,4,477,1
11/3/2026,6,529,1
11/3/2026,9,530,1
11/3/2026,9,606,1
12/3/2026,6,215,1
12/3/2026,6,480,1
13/3/2026,1,471,1
13/3/2026,4,538,1
13/3/2026,4,571,1
13/3/2026,4,587,1
13/3/2026,9,489,1
13/3/2026,9,537,1
14/3/2026,4,480,1
14/3/2026,4,535,1
14/3/2026,6,214,1
14/3/2026,9,541,1
15/3/2026,1,356,1
15/3/2026,4,529,1
15/3/2026,6,464,1
15/3/2026,7,473,1
15/3/2026,7,477,1
15/3/2026,7,538,1
15/3/2026,9,538,1
15/3/2026,10,479,1
16/3/2026,1,528,1
16/3/2026,4,477,1
16/3/2026,4,478,1
16/3/2026,9,475,1
17/3/2026,1,480,1
17/3/2026,4,490,1
17/3/2026,4,605,1
17/3/2026,7,360,1
17/3/2026,9,466,1
17/3/2026,10,538,1
18/3/2026,1,540,1
18/3/2026,1,604,1
18/3/2026,6,538,1
18/3/2026,7,528,1
18/3/2026,9,220,1
18/3/2026,9,573,1
18/3/2026,10,581,1
19/3/2026,1,478,1
19/3/2026,6,538,1
19/3/2026,9,220,1
19/3/2026,9,480,1
19/3/2026,10,485,1
20/3/2026,4,477,1
20/3/2026,6,487,1
20/3/2026,8,536,1
21/3/2026,9,477,1
22/3/2026,4,530,1
22/3/2026,6,214,1
22/3/2026,6,530,1
22/3/2026,9,477,1
22/3/2026,9,538,1
23/3/2026,1,220,1
23/3/2026,4,483,1
23/3/2026,7,223,1
23/3/2026,8,485,1
24/3/2026,4,479,1
24/3/2026,6,223,1
24/3/2026,6,477,1
24/3/2026,7,472,1
24/3/2026,7,477,1
24/3/2026,7,537,1
24/3/2026,10,214,1
25/3/2026,1,215,1
25/3/2026,4,214,1
25/3/2026,4,537,1
25/3/2026,7,362,1
25/3/2026,9,223,1
25/3/2026,9,473,1
25/3/2026,9,476,1
25/3/2026,10,223,1
26/3/2026,1,220,1
26/3/2026,1,475,1
26/3/2026,1,528,1
26/3/2026,4,475,1
26/3/2026,6,480,1
26/3/2026,7,220,1
26/3/2026,10,214,1
26/3/2026,10,596,1
27/3/2026,1,479,1
27/3/2026,1,566,1
27/3/2026,6,485,1
27/3/2026,6,537,1
27/3/2026,7,529,1
28/3/2026,1,387,1
28/3/2026,4,482,1
28/3/2026,4,528,1
28/3/2026,6,480,1
28/3/2026,7,482,1
29/3/2026,4,215,1
29/3/2026,4,354,1
29/3/2026,4,580,1
29/3/2026,6,229,1
29/3/2026,6,528,1
29/3/2026,8,383,1
30/3/2026,8,220,1
30/3/2026,10,480,1
31/3/2026,4,477,1
31/3/2026,4,491,1
31/3/2026,6,486,1
31/3/2026,9,235,1
31/3/2026,9,536,1
31/3/2026,9,564,1
31/3/2026,10,480,1
31/3/2026,10,535,1
1/4/2026,4,480,1
1/4/2026,4,538,1
1/4/2026,7,561,1
1/4/2026,8,360,1
1/4/2026,8,477,1
1/4/2026,9,477,1
2/4/2026,6,480,1
2/4/2026,7,539,1
2/4/2026,8,539,1
3/4/2026,1,220,1
3/4/2026,1,356,1
3/4/2026,1,477,1
3/4/2026,4,214,1
3/4/2026,4,223,2
3/4/2026,4,574,1
3/4/2026,8,605,1
4/4/2026,8,214,1
4/4/2026,8,480,1
4/4/2026,10,528,1
4/4/2026,10,530,1
4/4/2026,10,577,1
5/4/2026,4,476,1
5/4/2026,4,540,1
5/4/2026,7,215,1
5/4/2026,9,488,1
5/4/2026,10,215,1
6/4/2026,7,220,1
6/4/2026,9,539,1
7/4/2026,4,528,1
7/4/2026,6,220,1
7/4/2026,8,471,1
7/4/2026,8,560,1
7/4/2026,9,484,1
7/4/2026,10,383,1
7/4/2026,10,566,1
8/4/2026,1,537,1
8/4/2026,4,536,1
8/4/2026,4,588,1
8/4/2026,7,479,1
8/4/2026,7,480,1
8/4/2026,9,375,1
8/4/2026,9,484,1
8/4/2026,9,563,1
9/4/2026,4,530,1
9/4/2026,6,576,1
9/4/2026,7,575,1
9/4/2026,9,477,1
9/4/2026,10,478,1
9/4/2026,10,606,1
10/4/2026,1,477,1
10/4/2026,4,478,2
10/4/2026,9,483,1
11/4/2026,4,590,1
11/4/2026,6,480,1
11/4/2026,10,215,1
11/4/2026,10,529,1
11/4/2026,10,590,1
12/4/2026,1,490,1
12/4/2026,7,477,1
12/4/2026,7,488,1
12/4/2026,7,489,1
12/4/2026,9,480,1
13/4/2026,4,479,1
13/4/2026,4,537,1
13/4/2026,4,581,1
13/4/2026,8,529,1
14/4/2026,1,539,1
14/4/2026,8,472,1
14/4/2026,8,605,1
14/4/2026,9,565,1
14/4/2026,9,567,1
15/4/2026,1,383,1
15/4/2026,4,561,1
15/4/2026,7,464,1
15/4/2026,9,479,1
15/4/2026,10,479,1
15/4/2026,10,577,1
16/4/2026,4,214,1
16/4/2026,4,478,1
16/4/2026,6,528,1
16/4/2026,7,486,1
16/4/2026,7,530,1
16/4/2026,10,487,1
17/4/2026,8,583,1
17/4/2026,10,482,1
18/4/2026,4,235,1
18/4/2026,4,477,1
18/4/2026,9,383,1
19/4/2026,4,528,1
19/4/2026,7,541,1
19/4/2026,8,530,1
19/4/2026,8,584,1
20/4/2026,1,484,1
20/4/2026,4,215,1
20/4/2026,4,226,1
20/4/2026,4,480,1
20/4/2026,6,220,1
20/4/2026,6,466,1
20/4/2026,7,529,1
20/4/2026,8,538,1
20/4/2026,9,480,1
21/4/2026,4,220,1
21/4/2026,4,477,1
21/4/2026,7,215,1
21/4/2026,7,352,1
21/4/2026,7,477,1
21/4/2026,9,589,1
22/4/2026,1,485,1
22/4/2026,6,464,1
22/4/2026,7,477,1
22/4/2026,7,484,1
22/4/2026,7,530,1
22/4/2026,9,479,1
22/4/2026,9,538,1
22/4/2026,10,481,1
23/4/2026,1,220,1
23/4/2026,1,480,1
23/4/2026,4,478,1
23/4/2026,4,480,1
23/4/2026,7,480,1
23/4/2026,9,488,1
24/4/2026,1,480,1
24/4/2026,1,529,1
24/4/2026,4,215,1
24/4/2026,4,529,1
24/4/2026,7,215,1
24/4/2026,9,214,1
24/4/2026,9,580,1
25/4/2026,4,358,1
25/4/2026,8,528,1
25/4/2026,9,377,1
25/4/2026,9,535,1
25/4/2026,10,215,1
25/4/2026,10,480,1
25/4/2026,10,528,1
26/4/2026,1,541,1
26/4/2026,4,474,1
26/4/2026,4,490,1
26/4/2026,4,528,1
26/4/2026,10,358,1
27/4/2026,1,480,1
27/4/2026,4,215,1
27/4/2026,4,478,1
27/4/2026,7,489,1
27/4/2026,8,581,1
27/4/2026,9,480,1
28/4/2026,1,485,1
28/4/2026,4,215,1
28/4/2026,4,360,1
28/4/2026,10,479,1
29/4/2026,4,214,1
29/4/2026,4,477,1
29/4/2026,4,528,1
29/4/2026,9,480,1
30/4/2026,9,529,1
1/5/2026,4,606,1
1/5/2026,6,476,1
1/5/2026,7,539,1
1/5/2026,8,538,1
1/5/2026,8,571,1
2/5/2026,1,483,1
2/5/2026,4,480,1
2/5/2026,4,483,1
2/5/2026,8,223,1
2/5/2026,8,541,1
2/5/2026,9,480,1
2/5/2026,9,487,1
3/5/2026,4,215,1
3/5/2026,4,477,1
3/5/2026,6,466,1
3/5/2026,6,485,1
3/5/2026,7,220,1
3/5/2026,7,528,1
3/5/2026,8,528,1
3/5/2026,9,480,1
4/5/2026,4,578,1
4/5/2026,7,538,1
4/5/2026,10,214,1
5/5/2026,4,476,1
5/5/2026,4,537,1
5/5/2026,9,223,1
5/5/2026,9,535,1
6/5/2026,1,484,1
6/5/2026,4,220,1
6/5/2026,6,530,1
6/5/2026,7,362,1
6/5/2026,9,480,1
6/5/2026,9,528,1
6/5/2026,9,537,1
7/5/2026,1,578,1
7/5/2026,4,385,1
7/5/2026,4,480,1
7/5/2026,6,478,1
7/5/2026,6,537,1
7/5/2026,7,215,1
8/5/2026,1,223,1
8/5/2026,1,480,1
8/5/2026,6,536,1
8/5/2026,10,541,1
9/5/2026,4,214,1
9/5/2026,4,229,1
9/5/2026,4,479,1
9/5/2026,4,606,1
9/5/2026,10,360,1
9/5/2026,10,604,1
10/5/2026,7,220,1
11/5/2026,4,485,1
11/5/2026,4,529,1
11/5/2026,6,483,1
11/5/2026,6,485,1
11/5/2026,6,536,1
11/5/2026,7,580,1
11/5/2026,9,477,1
12/5/2026,1,480,1
12/5/2026,1,489,1
12/5/2026,6,214,1
12/5/2026,6,235,1
12/5/2026,6,485,1
12/5/2026,9,214,1
13/5/2026,1,569,1
13/5/2026,6,480,1
13/5/2026,6,537,1
13/5/2026,8,466,1
13/5/2026,9,214,1
13/5/2026,9,487,1
13/5/2026,9,488,1
14/5/2026,1,478,1
14/5/2026,6,477,1
14/5/2026,7,220,1
14/5/2026,7,568,1
14/5/2026,10,214,1
15/5/2026,9,536,1
16/5/2026,1,480,1
16/5/2026,4,223,1
16/5/2026,9,214,1
16/5/2026,9,389,1
17/5/2026,1,471,1
17/5/2026,4,573,1
17/5/2026,4,582,1
17/5/2026,6,226,1
17/5/2026,7,576,1
18/5/2026,1,358,1
18/5/2026,1,535,1
18/5/2026,4,226,1
18/5/2026,4,537,1
18/5/2026,6,214,1
18/5/2026,9,487,1
19/5/2026,4,214,1
19/5/2026,4,478,1
19/5/2026,4,487,1
19/5/2026,9,215,1
20/5/2026,1,354,1
20/5/2026,1,606,1
20/5/2026,4,574,1
20/5/2026,4,577,1
20/5/2026,7,572,1
21/5/2026,1,462,1
21/5/2026,6,362,1
21/5/2026,6,528,1
21/5/2026,7,573,1
21/5/2026,8,536,1
21/5/2026,9,562,1
21/5/2026,9,579,1
22/5/2026,1,474,1
22/5/2026,7,466,1
22/5/2026,8,215,1
22/5/2026,9,223,1
22/5/2026,9,488,1
22/5/2026,10,564,1
23/5/2026,1,528,1
23/5/2026,6,528,1
23/5/2026,7,478,1
23/5/2026,8,539,1
23/5/2026,9,479,1
23/5/2026,10,220,1
23/5/2026,10,235,1
23/5/2026,10,530,1
24/5/2026,1,214,1
24/5/2026,1,528,1
24/5/2026,4,538,1
24/5/2026,8,229,1
25/5/2026,4,226,1
25/5/2026,4,477,1
25/5/2026,7,371,1
25/5/2026,7,540,1
25/5/2026,9,220,1
25/5/2026,9,482,1
25/5/2026,10,529,1
26/5/2026,1,362,1
26/5/2026,8,214,1
26/5/2026,9,214,1
26/5/2026,9,220,1
26/5/2026,9,379,1
26/5/2026,9,462,1
26/5/2026,9,478,1
26/5/2026,10,485,1
27/5/2026,1,479,1
27/5/2026,1,529,1
27/5/2026,1,538,1
27/5/2026,4,478,1
27/5/2026,4,480,1
27/5/2026,4,605,1
27/5/2026,9,220,1
27/5/2026,9,480,1
27/5/2026,9,537,1
27/5/2026,9,582,1
27/5/2026,10,530,1
28/5/2026,1,528,1
28/5/2026,6,360,1
28/5/2026,6,535,1
28/5/2026,6,536,1
28/5/2026,7,568,1
28/5/2026,9,484,1
28/5/2026,9,584,1
28/5/2026,10,477,1
29/5/2026,6,582,1
29/5/2026,8,358,1
29/5/2026,8,578,1
30/5/2026,1,481,1
30/5/2026,6,477,1
31/5/2026,1,538,1
31/5/2026,7,477,1
31/5/2026,7,538,1
31/5/2026,9,478,1
31/5/2026,9,479,1
31/5/2026,9,488,1
31/5/2026,10,537,1
1/6/2026,6,466,1
2/6/2026,1,220,1
2/6/2026,1,477,1
2/6/2026,7,214,1
3/6/2026,6,476,1
3/6/2026,6,485,1
3/6/2026,7,223,1
3/6/2026,8,530,1
3/6/2026,9,360,1
3/6/2026,10,536,1
4/6/2026,1,462,1
4/6/2026,1,539,1
4/6/2026,1,574,1
4/6/2026,4,352,1
4/6/2026,4,464,1
4/6/2026,4,478,1
4/6/2026,4,485,1
4/6/2026,6,235,1
4/6/2026,9,352,1
4/6/2026,9,464,1
4/6/2026,9,537,1
4/6/2026,9,538,1
5/6/2026,1,356,1
5/6/2026,1,537,1
5/6/2026,4,360,1
5/6/2026,8,563,1
5/6/2026,8,605,1
5/6/2026,9,477,1
5/6/2026,9,485,1
6/6/2026,1,478,1
6/6/2026,1,535,1
6/6/2026,6,528,1
6/6/2026,7,528,1
6/6/2026,9,387,1
6/6/2026,9,471,1
7/6/2026,1,466,1
7/6/2026,1,477,1
7/6/2026,1,581,1
7/6/2026,4,477,1
8/6/2026,4,479,1
8/6/2026,6,223,1
8/6/2026,7,485,1
8/6/2026,9,485,1
8/6/2026,9,529,1
8/6/2026,9,584,1
9/6/2026,4,478,1
9/6/2026,9,214,1
9/6/2026,9,529,1
9/6/2026,9,537,1
9/6/2026,10,477,1
10/6/2026,4,220,1
10/6/2026,8,476,1
10/6/2026,8,581,1
10/6/2026,9,214,1
10/6/2026,9,215,1
11/6/2026,1,537,1
11/6/2026,4,462,1
11/6/2026,6,229,1
11/6/2026,7,528,1
11/6/2026,9,491,1
11/6/2026,10,214,1
11/6/2026,10,477,1
12/6/2026,1,223,1
12/6/2026,6,220,1
12/6/2026,6,529,1
12/6/2026,7,475,1
12/6/2026,7,477,1
12/6/2026,8,485,1
12/6/2026,9,480,1
12/6/2026,10,478,1
13/6/2026,7,490,1
13/6/2026,7,535,1
13/6/2026,8,480,1
13/6/2026,9,479,1
13/6/2026,10,466,1
14/6/2026,1,354,1
14/6/2026,1,481,1
14/6/2026,9,489,1
14/6/2026,9,528,1
14/6/2026,9,535,1
14/6/2026,10,352,1
14/6/2026,10,597,1
15/6/2026,10,535,1
16/6/2026,1,356,1
16/6/2026,7,462,1
16/6/2026,9,487,1
16/6/2026,10,563,1
17/6/2026,1,528,1
17/6/2026,4,479,1
17/6/2026,8,586,1
17/6/2026,9,362,1
18/6/2026,7,220,1
18/6/2026,7,593,1
18/6/2026,8,482,1
18/6/2026,8,536,1
18/6/2026,9,462,1
18/6/2026,9,477,1
18/6/2026,10,220,1
18/6/2026,10,477,1
19/6/2026,1,232,1
19/6/2026,1,485,1
19/6/2026,4,529,1
19/6/2026,6,220,1
19/6/2026,6,476,1
19/6/2026,6,488,1
19/6/2026,7,540,1
19/6/2026,9,477,1
19/6/2026,9,584,1
20/6/2026,6,528,1
20/6/2026,9,539,1
20/6/2026,9,562,1
20/6/2026,9,563,1
21/6/2026,1,479,1
21/6/2026,1,480,1
21/6/2026,1,485,1
21/6/2026,1,487,1
21/6/2026,9,474,1
21/6/2026,10,581,1
22/6/2026,6,223,1
22/6/2026,7,223,1
22/6/2026,7,477,1
22/6/2026,7,529,1
22/6/2026,9,477,1
22/6/2026,9,478,1
22/6/2026,9,484,1
22/6/2026,9,539,1
23/6/2026,1,472,1
23/6/2026,6,477,1
23/6/2026,7,529,1
23/6/2026,9,538,1
24/6/2026,4,478,1
24/6/2026,4,537,1
24/6/2026,10,220,1
25/6/2026,1,214,1
25/6/2026,1,480,1
25/6/2026,1,587,1
25/6/2026,4,387,1
25/6/2026,4,528,2
25/6/2026,7,575,1
25/6/2026,7,591,1
25/6/2026,8,381,1
25/6/2026,10,477,1
25/6/2026,10,487,1
26/6/2026,4,356,1
26/6/2026,4,587,1
26/6/2026,7,477,1
26/6/2026,7,479,1
26/6/2026,8,541,1
26/6/2026,9,477,1
27/6/2026,6,491,1
27/6/2026,8,477,1
27/6/2026,9,477,1
27/6/2026,10,223,1
27/6/2026,10,477,1
